SAMPLE_NAME,WELL,chr2_1001713_1001913,chr2_11015046_11015246,chr2_13490350_13490550,chr2_13511635_13511835,chr2_14002548_14002748,chr2_16002622_16002822,chr2_17037670_17037870,chr2_18001628_18001828,chr2_18569668_18569868,chr2_2001341_2001541,chr2_20462761_20462961,chr2_21781344_21781544,chr2_22011178_22011378,chr2_22597235_22597435,chr2_23005071_23005271,chr2_23592108_23592308,chr2_24729469_24729669,chr2_25155347_25155547,chr2_26010078_26010278,chr2_26740760_26740960,chr2_27655847_27656047,chr2_28561493_28561693,chr2_3000870_3001070,chr2_30605699_30605899,chr2_4007269_4007469,chr2_5457950_5458150,chr2_8000684_8000884,chr2_8582876_8583076,chrXL_group1e_2511282_2511482,chrXL_group1e_3540390_3540590,chrXL_group1e_4000185_4000385,chrXL_group1e_4516205_4516405,chrXL_group1e_5033661_5033861,chrXL_group1e_550607_550807,chrXL_group1e_5508376_5508576
132a_F_20160726_16_B2,D03,A,T,A,A,C,A,A,T,A,T,T,A,,C,A,A,A,T,G,A,AG,TC,A,TA,T,T,A,A,A,A,T,G,T,C,C
132b_F_20160726_19_A10,E07,A,T,GA,GA,TC,AG,GA,TC,AG,T,CT,CA,,GC,TA,GA,TA,T,GT,GA,AG,TC,A,TA,T,T,A,A,A,A,T,G,GT,C,GC
132b_F_20160726_19_A9,E06,A,T,A,A,C,A,A,T,A,T,T,A,,C,A,A,A,T,GT,GA,AG,TC,A,TA,T,T,A,A,A,A,T,G,T,C,C
132b_F_20160726_19_B10,F07,CA,TC,GA,GA,TC,AG,GA,TC,AG,CT,CT,CA,,GC,TA,GA,TA,T,GT,GA,AG,TC,AT,TA,CT,CT,AG,CA,A,A,T,G,T,C,C
132b_F_20160726_19_B9,F06,CA,T,A,A,C,A,A,T,A,CT,T,A,,C,A,A,TA,T,GT,GA,AG,TC,AT,TA,CT,CT,A,A,GA,AT,T,AG,GT,CG,GC
132b_F_20160726_19_C10,G07,A,T,GA,GA,TC,AG,GA,TC,AG,T,CT,CA,,GC,TA,GA,TA,T,GT,GA,AG,TC,A,TA,T,T,A,A,A,A,T,G,T,C,C
132b_F_20160726_19_C8,H05,,,,A,,,,T,G,C,,A,,,TA,A,,,G,A,,,,A,CT,,,,GA,AT,,,T,,G
132b_F_20160726_19_C9,G06,CA,T,A,A,C,A,A,T,A,CT,T,A,,C,A,A,A,T,G,A,G,C,AT,A,CT,CT,A,A,GA,AT,T,AG,GT,CG,GC
132b_F_20160726_19_D10,H07,,,,A,,,,,G,,,,,,TA,,,,,GA,,,,A,,,,,,AT,,,T,,G
132b_F_20160726_19_D8,A06,A,T,A,A,C,A,A,T,A,T,T,A,,C,A,A,A,T,G,A,G,C,A,A,T,T,A,A,A,AT,T,AG,GT,C,GC
132b_F_20160726_19_D9,H06,,,,A,,A,,,G,C,,,,,TA,,,,,,,,,,,,,,,AT,,,T,,G
132b_F_20160726_19_E10,A08,CA,TC,GA,GA,TC,AG,GA,TC,AG,CT,CT,CA,,GC,TA,GA,TA,T,GT,GA,AG,TC,AT,TA,CT,CT,AG,CA,GA,AT,T,AG,GT,CG,GC
132b_F_20160726_19_E8,B06,A,TC,GA,GA,TC,AG,GA,TC,AG,T,CT,CA,,GC,TA,GA,TA,T,GT,GA,AG,TC,A,TA,T,CT,AG,CA,A,A,T,G,T,C,C
132b_F_20160726_19_E9,A07,A,TC,GA,GA,TC,AG,GA,TC,AG,T,CT,CA,,GC,TA,GA,TA,T,GT,GA,AG,TC,A,TA,T,T,A,A,A,A,T,G,T,C,C
132b_F_20160726_19_F10,B08,A,T,A,A,C,A,A,T,A,T,T,A,,C,A,A,A,T,G,A,G,C,A,A,T,T,A,A,GA,AT,T,AG,GT,CG,GC
132b_F_20160726_19_F8,C06,CA,TC,GA,GA,TC,AG,GA,TC,AG,CT,CT,CA,,GC,TA,GA,A,T,G,A,G,C,AT,A,CT,CT,AG,CA,GA,AT,T,AG,GT,CG,GC
132b_F_20160726_19_F9,B07,CA,T,A,A,C,A,GA,TC,AG,CT,CT,CA,,GC,TA,GA,TA,T,GT,GA,AG,TC,AT,TA,CT,T,A,A,GA,A,T,G,T,CG,C
132b_F_20160726_19_G10,C08,CA,T,A,A,C,AG,GA,TC,AG,CT,CT,CA,,GC,TA,GA,TA,T,GT,GA,AG,TC,A,TA,T,T,A,A,A,AT,T,AG,GT,C,GC
132b_F_20160726_19_G9,C07,CA,TC,GA,GA,TC,AG,GA,TC,AG,CT,CT,CA,,GC,TA,GA,TA,T,GT,GA,AG,TC,AT,TA,CT,CT,AG,CA,A,AT,T,AG,GT,C,GC
132b_F_20160726_19_H10,D08,A,TC,A,A,C,A,A,T,A,,T,A,,C,A,A,A,T,G,A,AG,TC,A,TA,T,CT,AG,CA,GA,AT,T,,GT,CG,C
132b_F_20160726_19_H8,D06,CA,TC,GA,GA,TC,AG,GA,T,A,CT,T,A,,C,A,A,A,T,G,A,G,C,AT,A,CT,CT,AG,CA,GA,AT,T,AG,T,CG,C
132b_F_20160726_19_H9,D07,CA,T,A,A,C,AG,GA,TC,AG,T,CT,CA,,GC,TA,GA,TA,T,G,A,G,C,A,A,T,T,A,A,A,A,T,G,GT,C,GC
132b_M_20160726_19_A11,E08,A,T,A,A,C,A,A,TC,AG,T,CT,CA,,GC,TA,GA,TA,T,GT,GA,AG,TC,A,TA,T,T,A,A,A,A,T,G,T,C,C
132b_M_20160726_19_A12,E09,A,T,GA,GA,TC,AG,GA,TC,AG,,CT,CA,,GC,TA,GA,TA,T,GT,GA,AG,TC,A,TA,CT,CT,A,A,A,A,T,G,T,C,C
132b_M_20160726_19_B11,F08,CA,T,A,A,C,A,A,T,A,T,T,A,,C,A,A,A,T,G,A,G,C,A,A,T,T,A,A,A,A,T,G,T,C,C
132b_M_20160726_19_C11,G08,A,T,A,A,C,A,A,T,A,T,T,A,,C,A,A,A,T,GT,GA,AG,TC,A,TA,T,T,A,A,A,A,T,G,T,C,C
132b_M_20160726_19_D11,H08,,,,A,,A,,,G,,,,,,TA,,,,,,,,,,,,,,,AT,,,T,,G
132b_M_20160726_19_E11,A09,CA,T,A,A,C,A,A,T,A,CT,T,A,,C,A,A,A,T,G,A,G,C,AT,A,CT,CT,A,A,G,T,T,A,G,G,G
132b_M_20160726_19_F11,B09,A,T,A,A,C,A,A,T,A,T,T,A,,GC,TA,GA,TA,T,GT,GA,AG,C,A,A,T,T,A,A,G,A,T,G,T,G,C
132b_M_20160726_19_G11,C09,CA,TC,A,A,C,A,A,T,A,CT,T,CA,,GC,TA,GA,TA,T,GT,GA,AG,TC,AT,TA,CT,CT,AG,CA,A,A,T,G,T,C,C
132b_M_20160726_19_H11,D09,A,TC,GA,GA,TC,AG,GA,TC,AG,T,CT,CA,,GC,TA,GA,TA,T,GT,GA,AG,TC,A,TA,T,T,A,A,G,T,T,A,G,G,G
151b_F_20160726_19_H12,F09,CA,T,A,A,C,A,A,T,A,CT,T,A,,C,A,A,A,T,G,A,G,C,AT,A,CT,CT,A,A,A,A,T,G,T,C,C
182a_F_20160726_16_F8,E03,A,T,A,A,C,A,A,T,A,T,T,A,,C,A,A,A,T,G,A,G,C,A,A,T,T,A,A,GA,AT,T,AG,GT,CG,GC
182a_M_20160726_16_G8,F03,A,TC,GA,GA,TC,AG,GA,TC,AG,CT,CT,CA,,GC,TA,GA,A,T,G,A,G,C,AT,A,CT,CT,AG,CA,G,T,T,A,G,G,G
182a_M_20160726_16_H8,G03,A,TC,GA,GA,TC,AG,GA,TC,AG,T,CT,CA,,GC,TA,GA,TA,T,GT,GA,AG,TC,A,TA,T,CT,AG,CA,,T,T,A,G,G,G
199a_F_20160726_16_G12,H03,A,TC,GA,GA,TC,AG,GA,TC,,T,,CA,,GC,TA,GA,TA,T,GT,GA,AG,TC,A,TA,T,T,,CA,A,A,T,G,T,C,C
199a_F_20160726_16_H12,A04,,,,A,,,,,G,,,,,,TA,,,,,GA,,,,A,,,,,,AT,,,T,,G
199a_F_20160726_17_A1,B04,CA,TC,GA,GA,TC,AG,GA,TC,AG,CT,CT,CA,,GC,TA,GA,TA,T,GT,GA,AG,TC,AT,TA,CT,CT,AG,CA,A,A,T,G,T,C,C
199a_F_20160726_17_B1,C04,A,TC,GA,GA,TC,AG,GA,TC,AG,CT,CT,CA,,GC,TA,GA,TA,T,GT,GA,AG,TC,AT,TA,CT,CT,AG,CA,A,A,T,G,T,C,C
199a_F_20160726_17_C1,D04,CA,T,A,A,C,A,A,TC,AG,CT,CT,CA,,GC,TA,GA,A,T,G,A,G,C,A,A,T,T,A,A,A,A,T,G,T,C,C
199a_F_20160726_17_D1,E04,A,T,A,A,TC,AG,GA,TC,AG,T,CT,CA,,GC,TA,GA,TA,T,GT,GA,AG,TC,A,TA,T,T,A,A,GA,AT,T,AG,GT,CG,GC
199a_F_20160726_17_E1,F04,A,T,A,A,C,A,A,T,A,T,T,CA,,GC,TA,GA,TA,T,GT,GA,AG,TC,A,TA,T,T,A,A,A,A,T,G,T,C,C
199a_F_20160726_17_F1,G04,CA,TC,GA,GA,TC,AG,GA,TC,AG,CT,CT,CA,,GC,TA,GA,TA,T,GT,GA,AG,TC,AT,TA,CT,CT,AG,CA,A,A,T,G,T,C,C
199a_M_20160726_17_A2,B05,A,T,A,A,C,A,A,T,A,T,T,A,,C,A,A,A,T,GT,GA,AG,TC,A,TA,T,T,A,A,G,T,T,A,G,G,G
199a_M_20160726_17_B2,C05,A,T,A,A,C,A,A,T,A,T,T,A,,C,A,A,A,T,GT,GA,AG,TC,A,TA,T,T,A,A,G,T,T,A,G,G,G
199a_M_20160726_17_C2,D05,CA,TC,GA,GA,TC,AG,GA,TC,AG,CT,CT,CA,,GC,TA,GA,TA,T,GT,GA,AG,TC,AT,TA,CT,CT,AG,CA,G,T,T,A,G,G,G
199a_M_20160726_17_D2,E05,CA,TC,GA,GA,TC,AG,GA,TC,AG,CT,CT,CA,,GC,TA,GA,TA,T,GT,GA,AG,TC,AT,TA,CT,CT,AG,CA,A,A,T,G,G,C,G
199a_M_20160726_17_E2,F05,A,T,A,A,C,A,A,T,A,T,T,A,,C,A,A,A,T,G,A,G,C,A,A,T,T,A,A,G,T,T,A,G,G,G
199a_M_20160726_17_F2,G05,CA,TC,GA,GA,TC,AG,GA,TC,AG,CT,CT,CA,,GC,TA,GA,TA,T,GT,GA,AG,TC,AT,TA,CT,CT,AG,CA,A,A,T,A,G,C,G
199a_M_20160726_17_G1,H04,CA,T,A,A,C,A,A,T,AG,CT,T,A,,GC,TA,GA,TA,T,GT,GA,AG,TC,AT,TA,CT,C,,A,,T,T,A,GT,G,G
199a_M_20160726_17_H1,A05,CA,TC,GA,GA,TC,AG,GA,TC,AG,CT,CT,CA,,GC,TA,GA,TA,T,GT,GA,AG,TC,AT,TA,CT,CT,AG,CA,,T,T,A,GT,G,G
79c_F_20160727_20_D8,G09,CA,T,A,A,C,AG,GA,TC,AG,CT,CT,CA,,GC,TA,GA,TA,T,GT,GA,G,C,AT,A,T,T,A,A,A,A,T,G,T,C,C
81c_F_20160727_20_A9,D10,A,TC,GA,GA,TC,A,A,T,A,T,T,A,,C,A,A,A,T,G,A,G,C,A,A,CT,CT,AG,CA,A,AT,T,AG,GT,C,GC
81c_F_20160727_20_B9,E10,CA,T,GA,GA,TC,AG,GA,TC,AG,T,CT,CA,,GC,TA,GA,TA,T,G,A,G,C,A,A,T,T,A,A,GA,AT,T,AG,GT,CG,GC
81c_F_20160727_20_C9,F10,A,T,A,A,C,A,A,T,A,T,T,A,,C,TA,GA,TA,T,GT,GA,AG,TC,A,TA,T,T,A,A,GA,AT,T,AG,GT,CG,GC
81c_F_20160727_20_E8,H09,,,,A,,,,,G,,,,,,,,,,,G,,,,A,,,,,,AT,,,T,,
81c_F_20160727_20_F8,A10,A,T,A,A,C,A,A,T,A,T,T,A,,C,A,A,A,T,G,A,G,C,A,A,T,T,A,A,GA,AT,T,AG,GT,CG,GC
81c_F_20160727_20_G8,B10,A,T,A,A,C,A,A,T,A,T,T,A,,C,A,A,A,T,G,A,G,C,A,A,T,T,A,A,A,A,T,AG,GT,C,GC
81c_F_20160727_20_H8,C10,A,T,A,A,C,A,A,TC,AG,T,CT,CA,,GC,TA,GA,TA,T,G,A,G,C,A,A,T,T,A,A,GA,AT,T,AG,GT,CG,GC
81c_M_20160727_20_A10,D11,A,T,A,A,C,A,A,T,A,T,T,A,,C,A,A,A,T,G,A,G,C,A,A,T,T,A,A,A,A,T,G,T,G,C
81c_M_20160727_20_B10,E11,CA,T,A,A,C,A,A,T,A,T,T,A,T,C,A,A,A,T,G,A,G,C,A,A,T,T,A,A,G,T,T,A,G,G,G
81c_M_20160727_20_D9,G10,CA,T,A,A,C,A,A,T,A,CT,T,A,,C,A,A,A,T,G,A,G,C,AT,A,T,T,A,A,G,T,T,A,G,G,G
81c_M_20160727_20_E9,H10,,T,A,A,C,A,A,T,AG,T,,A,,C,TA,GA,TA,T,GT,GA,AG,TC,A,TA,T,T,,A,A,AT,T,G,T,C,C
81c_M_20160727_20_F9,A11,A,T,A,A,C,A,A,T,A,T,T,A,,C,A,A,A,T,G,A,G,TC,A,TA,T,T,A,A,GA,T,T,,GT,C,
81c_M_20160727_20_G9,B11,CA,T,A,A,C,A,GA,TC,AG,CT,CT,CA,,GC,TA,GA,TA,T,GT,GA,G,C,AT,A,CT,CT,A,A,G,T,T,A,G,G,G
81c_M_20160727_20_H9,C11,CA,TC,GA,GA,TC,AG,GA,TC,AG,CT,CT,CA,,GC,TA,GA,A,T,G,A,G,C,AT,A,CT,CT,AG,CA,A,A,T,G,T,C,C
99b_F_20160725_15_A11,D01,CA,TC,GA,GA,TC,AG,GA,TC,AG,CT,T,A,,C,A,A,A,T,G,A,G,C,AT,A,CT,CT,AG,CA,GA,AT,T,AG,GT,CG,GC
99b_F_20160725_15_B11,E01,CA,TC,GA,GA,TC,A,A,T,A,CT,T,A,,C,A,A,A,T,G,A,G,C,AT,A,CT,CT,AG,CA,A,A,T,G,T,C,C
99b_F_20160725_15_F10,A01,,,,A,,A,,,G,C,,C,,C,TA,,,,,GA,G,,,TA,,,,,,AT,,,T,,G
99b_F_20160725_15_G10,B01,A,T,A,A,C,A,A,T,A,T,T,A,,C,A,A,A,T,GT,GA,AG,TC,A,TA,T,T,A,A,A,A,T,G,T,C,C
99b_F_20160725_15_H10,C01,CA,T,A,A,C,A,A,T,A,CT,T,A,,C,A,A,A,T,G,A,G,C,AT,A,CT,CT,A,A,A,A,T,G,T,C,C
99b_M_20160725_15_A12,D02,CA,T,A,A,C,A,A,T,A,CT,T,A,,C,A,A,A,T,G,A,G,C,AT,A,CT,CT,AG,CA,G,T,T,A,G,G,G
99b_M_20160725_15_B12,E02,CA,TC,GA,GA,TC,AG,GA,TC,AG,CT,CT,CA,,GC,TA,GA,TA,T,GT,GA,AG,TC,AT,TA,CT,CT,AG,CA,A,A,T,G,T,C,C
99b_M_20160725_15_C11,F01,CA,TC,GA,GA,TC,AG,GA,TC,AG,CT,CT,CA,,GC,TA,GA,TA,T,GT,GA,AG,TC,AT,TA,CT,CT,AG,CA,G,T,T,A,G,C,G
99b_M_20160725_15_C12,F02,CA,T,A,A,C,A,A,T,A,CT,T,A,,C,A,A,A,T,G,A,G,C,AT,A,CT,CT,AG,CA,G,T,T,A,G,G,G
99b_M_20160725_15_D11,G01,A,T,GA,GA,TC,AG,GA,TC,AG,T,CT,CA,,GC,TA,GA,TA,T,GT,GA,AG,TC,A,TA,T,T,A,A,A,A,T,G,T,C,C
99b_M_20160725_15_D12,G02,CA,TC,GA,GA,TC,AG,GA,TC,AG,CT,CT,CA,,GC,TA,A,A,T,G,A,G,C,AT,A,CT,CT,AG,CA,GA,T,T,A,GT,C,G
99b_M_20160725_15_E11,H01,CA,TC,GA,GA,TC,AG,GA,TC,AG,CT,CT,CA,,GC,TA,GA,TA,T,GT,GA,AG,TC,AT,TA,CT,CT,AG,CA,A,A,T,G,T,C,C
99b_M_20160725_15_E12,H02,A,T,A,A,C,A,A,T,A,T,T,A,,C,A,A,A,T,G,A,G,C,A,A,T,T,A,A,G,T,T,A,G,G,G
99b_M_20160725_15_F11,A02,,,,,,,,,,,,,,,,,,,,,,,,,,,,,,,,,,,
99b_M_20160725_15_F12,A03,CA,TC,GA,GA,TC,A,A,T,A,CT,T,A,,C,A,A,A,T,G,A,G,C,AT,A,CT,CT,AG,CA,G,T,T,A,G,G,G
99b_M_20160725_15_G11,B02,CA,T,A,A,C,A,A,TC,AG,CT,CT,CA,,GC,TA,GA,TA,T,GT,GA,AG,TC,AT,A,CT,CT,AG,CA,A,A,T,G,T,C,C
99b_M_20160725_15_G12,B03,A,TC,GA,GA,TC,AG,GA,TC,AG,T,CT,CA,,GC,TA,GA,TA,T,GT,GA,AG,TC,A,TA,CT,CT,AG,CA,G,T,T,A,G,G,G
99b_M_20160725_15_H11,C02,CA,T,A,A,C,A,A,T,A,CT,T,A,,C,A,A,A,T,G,A,G,C,AT,A,CT,CT,AG,CA,G,T,T,A,G,G,G
99b_M_20160725_15_H12,C03,A,T,GA,GA,TC,AG,GA,TC,AG,T,CT,CA,,GC,TA,GA,TA,T,GT,GA,AG,TC,A,TA,T,T,A,A,G,T,T,A,G,G,G
99c_F_20160727_21_A3,C12,A,T,A,A,C,A,A,T,A,T,T,A,,C,A,A,A,T,G,A,G,C,A,A,T,T,A,A,GA,AT,T,AG,GT,C,GC
99c_F_20160727_21_D2,F11,A,T,A,A,C,A,A,T,A,T,T,A,,C,A,A,A,T,G,A,G,C,A,A,T,T,A,A,GA,AT,T,AG,GT,CG,GC
99c_F_20160727_21_E2,G11,CA,T,A,A,C,A,A,T,A,CT,T,A,,C,A,A,A,T,G,A,G,C,AT,A,CT,CT,AG,CA,GA,AT,T,AG,GT,CG,GC
99c_F_20160727_21_F2,H11,CA,TC,A,A,C,A,A,T,A,CT,T,A,,C,A,A,TA,T,GT,GA,AG,TC,AT,TA,CT,CT,AG,CA,A,A,T,G,T,C,C
99c_F_20160727_21_G2,A12,A,T,A,A,C,AG,GA,TC,AG,T,CT,CA,,GC,TA,GA,TA,T,GT,GA,AG,TC,A,TA,T,T,A,A,A,A,T,G,GT,C,GC
99c_F_20160727_21_H2,B12,CA,T,A,A,C,A,A,T,A,CT,T,A,T,C,A,A,A,T,G,A,G,C,AT,A,CT,CT,A,A,A,A,T,G,T,C,C
99c_M_20160727_21_B3,D12,CA,TC,GA,GA,TC,AG,GA,TC,AG,CT,CT,CA,,C,A,A,A,T,G,A,G,C,AT,A,CT,CT,AG,CA,A,A,T,G,T,C,C
99c_M_20160727_21_C3,E12,A,T,A,A,C,AG,GA,TC,AG,T,CT,CA,,GC,TA,GA,TA,T,GT,GA,AG,TC,A,TA,T,T,A,A,G,T,T,A,T,G,C
99c_M_20160727_21_D3,F12,A,TC,GA,GA,TC,AG,GA,TC,AG,CT,CT,CA,,GC,TA,GA,TA,T,GT,GA,AG,TC,AT,TA,CT,CT,AG,CA,G,T,T,A,G,G,G
99c_M_20160727_21_E3,G12,A,TC,GA,GA,TC,AG,GA,TC,AG,T,CT,CA,,GC,A,A,A,T,G,A,G,C,A,A,T,T,A,A,G,T,T,A,G,G,G
99c_M_20160727_21_F3,H12,,,A,A,,A,,,G,C,,C,,C,TA,,,,,,AG,,,TA,,,,,,AT,,,T,,GC
