"ID","chr2_1001713_1001913","chr2_2001341_2001541","chr2_3000870_3001070","chr2_4007269_4007469","chr2_5457950_5458150","chr2_8000684_8000884","chr2_8582876_8583076","chr2_11015046_11015246","chr2_13511635_13511835","chr2_14002548_14002748","chr2_16002622_16002822","chr2_17037670_17037870","chr2_18001628_18001828","chr2_20462761_20462961","chr2_21781344_21781544","chr2_22011178_22011378","chr2_22597235_22597435","chr2_23005071_23005271","chr2_23592108_23592308","chr2_24729469_24729669","chr2_26010078_26010278","chr2_26740760_26740960","chr2_27655847_27656047","chr2_28561493_28561693","chr2_30605699_30605899"
"","2","2","2","2","2","2","2","2","2","2","2","2","2","2","2","2","2","2","2","2","2","2","2","2","2"
"132a_F_20160726_16_B2","A","A","A","A","A","A","A","A","A","A","A","A","A","A","A",NA,"A","A","A","A","A","A","H","H","H"
"132b_F_20160726_19_A10","A","A","A","A","A","A","A","A","H","H","H","H","H","H","H",NA,"H","H","H","H","H","H","H","H","H"
"132b_F_20160726_19_A9","A","A","A","A","A","A","A","A","A","A","A","A","A","A","A",NA,"A","A","A","A","H","H","H","H","H"
"132b_F_20160726_19_B10","H","H","H","H","H","H","H","H","H","H","H","H","H","H","H",NA,"H","H","H","H","H","H","H","H","H"
"132b_F_20160726_19_B9","H","H","H","H","H","A","A","A","A","A","A","A","A","A","A",NA,"A","A","A","H","H","H","H","H","H"
"132b_F_20160726_19_C10","A","A","A","A","A","A","A","A","H","H","H","H","H","H","H",NA,"H","H","H","H","H","H","H","H","H"
"132b_F_20160726_19_C8",NA,NA,NA,"H",NA,NA,NA,NA,"A",NA,NA,NA,"A",NA,"A",NA,NA,"H","A",NA,"A","A",NA,NA,"A"
"132b_F_20160726_19_C9","H","H","H","H","H","A","A","A","A","A","A","A","A","A","A",NA,"A","A","A","A","A","A","A","A","A"
"132b_F_20160726_19_D10",NA,NA,NA,NA,NA,NA,NA,NA,"A",NA,NA,NA,NA,NA,NA,NA,NA,"H",NA,NA,NA,"H",NA,NA,"A"
"132b_F_20160726_19_D8","A","A","A","A","A","A","A","A","A","A","A","A","A","A","A",NA,"A","A","A","A","A","A","A","A","A"
"132b_F_20160726_19_D9",NA,NA,NA,NA,NA,NA,NA,NA,"A",NA,"A",NA,NA,NA,NA,NA,NA,"H",NA,NA,NA,NA,NA,NA,NA
"132b_F_20160726_19_E10","H","H","H","H","H","H","H","H","H","H","H","H","H","H","H",NA,"H","H","H","H","H","H","H","H","H"
"132b_F_20160726_19_E8","A","A","A","A","H","H","H","H","H","H","H","H","H","H","H",NA,"H","H","H","H","H","H","H","H","H"
"132b_F_20160726_19_E9","A","A","A","A","A","A","A","H","H","H","H","H","H","H","H",NA,"H","H","H","H","H","H","H","H","H"
"132b_F_20160726_19_F10","A","A","A","A","A","A","A","A","A","A","A","A","A","A","A",NA,"A","A","A","A","A","A","A","A","A"
"132b_F_20160726_19_F8","H","H","H","H","H","H","H","H","H","H","H","H","H","H","H",NA,"H","H","H","A","A","A","A","A","A"
"132b_F_20160726_19_F9","H","H","H","H","A","A","A","A","A","A","A","H","H","H","H",NA,"H","H","H","H","H","H","H","H","H"
"132b_F_20160726_19_G10","H","H","A","A","A","A","A","A","A","A","H","H","H","H","H",NA,"H","H","H","H","H","H","H","H","H"
"132b_F_20160726_19_G9","H","H","H","H","H","H","H","H","H","H","H","H","H","H","H",NA,"H","H","H","H","H","H","H","H","H"
"132b_F_20160726_19_H10","A",NA,"A","A","H","H","H","H","A","A","A","A","A","A","A",NA,"A","A","A","A","A","A","H","H","H"
"132b_F_20160726_19_H8","H","H","H","H","H","H","H","H","H","H","H","H","A","A","A",NA,"A","A","A","A","A","A","A","A","A"
"132b_F_20160726_19_H9","H","A","A","A","A","A","A","A","A","A","H","H","H","H","H",NA,"H","H","H","H","A","A","A","A","A"
"132b_M_20160726_19_A11","A","A","A","A","A","A","A","A","A","A","A","A","H","H","H",NA,"H","H","H","H","H","H","H","H","H"
"132b_M_20160726_19_A12","A",NA,"A","H","H","A","A","A","H","H","H","H","H","H","H",NA,"H","H","H","H","H","H","H","H","H"
"132b_M_20160726_19_B11","H","A","A","A","A","A","A","A","A","A","A","A","A","A","A",NA,"A","A","A","A","A","A","A","A","A"
"132b_M_20160726_19_C11","A","A","A","A","A","A","A","A","A","A","A","A","A","A","A",NA,"A","A","A","A","H","H","H","H","H"
"132b_M_20160726_19_D11",NA,NA,NA,NA,NA,NA,NA,NA,"A",NA,"A",NA,NA,NA,NA,NA,NA,"H",NA,NA,NA,NA,NA,NA,NA
"132b_M_20160726_19_E11","H","H","H","H","H","A","A","A","A","A","A","A","A","A","A",NA,"A","A","A","A","A","A","A","A","A"
"132b_M_20160726_19_F11","A","A","A","A","A","A","A","A","A","A","A","A","A","A","A",NA,"H","H","H","H","H","H","H","A","A"
"132b_M_20160726_19_G11","H","H","H","H","H","H","H","H","A","A","A","A","A","A","H",NA,"H","H","H","H","H","H","H","H","H"
"132b_M_20160726_19_H11","A","A","A","A","A","A","A","H","H","H","H","H","H","H","H",NA,"H","H","H","H","H","H","H","H","H"
"151b_F_20160726_19_H12","H","H","H","H","H","A","A","A","A","A","A","A","A","A","A",NA,"A","A","A","A","A","A","A","A","A"
"182a_F_20160726_16_F8","A","A","A","A","A","A","A","A","A","A","A","A","A","A","A",NA,"A","A","A","A","A","A","A","A","A"
"182a_M_20160726_16_G8","A","H","H","H","H","H","H","H","H","H","H","H","H","H","H",NA,"H","H","H","A","A","A","A","A","A"
"182a_M_20160726_16_H8","A","A","A","A","H","H","H","H","H","H","H","H","H","H","H",NA,"H","H","H","H","H","H","H","H","H"
"199a_F_20160726_16_G12","A","A","A","A","A",NA,"H","H","H","H","H","H","H",NA,"H",NA,"H","H","H","H","H","H","H","H","H"
"199a_F_20160726_16_H12",NA,NA,NA,NA,NA,NA,NA,NA,"A",NA,NA,NA,NA,NA,NA,NA,NA,"H",NA,NA,NA,"H",NA,NA,"A"
"199a_F_20160726_17_A1","H","H","H","H","H","H","H","H","H","H","H","H","H","H","H",NA,"H","H","H","H","H","H","H","H","H"
"199a_F_20160726_17_B1","A","H","H","H","H","H","H","H","H","H","H","H","H","H","H",NA,"H","H","H","H","H","H","H","H","H"
"199a_F_20160726_17_C1","H","H","A","A","A","A","A","A","A","A","A","A","H","H","H",NA,"H","H","H","A","A","A","A","A","A"
"199a_F_20160726_17_D1","A","A","A","A","A","A","A","A","A","H","H","H","H","H","H",NA,"H","H","H","H","H","H","H","H","H"
"199a_F_20160726_17_E1","A","A","A","A","A","A","A","A","A","A","A","A","A","A","H",NA,"H","H","H","H","H","H","H","H","H"
"199a_F_20160726_17_F1","H","H","H","H","H","H","H","H","H","H","H","H","H","H","H",NA,"H","H","H","H","H","H","H","H","H"
"199a_M_20160726_17_A2","A","A","A","A","A","A","A","A","A","A","A","A","A","A","A",NA,"A","A","A","A","H","H","H","H","H"
"199a_M_20160726_17_B2","A","A","A","A","A","A","A","A","A","A","A","A","A","A","A",NA,"A","A","A","A","H","H","H","H","H"
"199a_M_20160726_17_C2","H","H","H","H","H","H","H","H","H","H","H","H","H","H","H",NA,"H","H","H","H","H","H","H","H","H"
"199a_M_20160726_17_D2","H","H","H","H","H","H","H","H","H","H","H","H","H","H","H",NA,"H","H","H","H","H","H","H","H","H"
"199a_M_20160726_17_E2","A","A","A","A","A","A","A","A","A","A","A","A","A","A","A",NA,"A","A","A","A","A","A","A","A","A"
"199a_M_20160726_17_F2","H","H","H","H","H","H","H","H","H","H","H","H","H","H","H",NA,"H","H","H","H","H","H","H","H","H"
"199a_M_20160726_17_G1","H","H","H","H",NA,NA,"A","A","A","A","A","A","A","A","A",NA,"H","H","H","H","H","H","H","H","H"
"199a_M_20160726_17_H1","H","H","H","H","H","H","H","H","H","H","H","H","H","H","H",NA,"H","H","H","H","H","H","H","H","H"
"79c_F_20160727_20_D8","H","H","H","A","A","A","A","A","A","A","H","H","H","H","H",NA,"H","H","H","H","H","H","A","A","A"
"81c_F_20160727_20_A9","A","A","A","H","H","H","H","H","H","H","A","A","A","A","A",NA,"A","A","A","A","A","A","A","A","A"
"81c_F_20160727_20_B9","H","A","A","A","A","A","A","A","H","H","H","H","H","H","H",NA,"H","H","H","H","A","A","A","A","A"
"81c_F_20160727_20_C9","A","A","A","A","A","A","A","A","A","A","A","A","A","A","A",NA,"A","H","H","H","H","H","H","H","H"
"81c_F_20160727_20_E8",NA,NA,NA,NA,NA,NA,NA,NA,"A",NA,NA,NA,NA,NA,NA,NA,NA,NA,NA,NA,NA,NA,NA,NA,"A"
"81c_F_20160727_20_F8","A","A","A","A","A","A","A","A","A","A","A","A","A","A","A",NA,"A","A","A","A","A","A","A","A","A"
"81c_F_20160727_20_G8","A","A","A","A","A","A","A","A","A","A","A","A","A","A","A",NA,"A","A","A","A","A","A","A","A","A"
"81c_F_20160727_20_H8","A","A","A","A","A","A","A","A","A","A","A","A","H","H","H",NA,"H","H","H","H","A","A","A","A","A"
"81c_M_20160727_20_A10","A","A","A","A","A","A","A","A","A","A","A","A","A","A","A",NA,"A","A","A","A","A","A","A","A","A"
"81c_M_20160727_20_B10","H","A","A","A","A","A","A","A","A","A","A","A","A","A","A","A","A","A","A","A","A","A","A","A","A"
"81c_M_20160727_20_D9","H","H","H","A","A","A","A","A","A","A","A","A","A","A","A",NA,"A","A","A","A","A","A","A","A","A"
"81c_M_20160727_20_E9",NA,"A","A","A","A",NA,"A","A","A","A","A","A","A",NA,"A",NA,"A","H","H","H","H","H","H","H","H"
"81c_M_20160727_20_F9","A","A","A","A","A","A","A","A","A","A","A","A","A","A","A",NA,"A","A","A","A","A","A","A","H","H"
"81c_M_20160727_20_G9","H","H","H","H","H","A","A","A","A","A","A","H","H","H","H",NA,"H","H","H","H","H","H","A","A","A"
"81c_M_20160727_20_H9","H","H","H","H","H","H","H","H","H","H","H","H","H","H","H",NA,"H","H","H","A","A","A","A","A","A"
"99b_F_20160725_15_A11","H","H","H","H","H","H","H","H","H","H","H","H","H","A","A",NA,"A","A","A","A","A","A","A","A","A"
"99b_F_20160725_15_B11","H","H","H","H","H","H","H","H","H","H","A","A","A","A","A",NA,"A","A","A","A","A","A","A","A","A"
"99b_F_20160725_15_F10",NA,NA,NA,NA,NA,NA,NA,NA,"A",NA,"A",NA,NA,NA,NA,NA,"A","H",NA,NA,NA,"H","A",NA,"H"
"99b_F_20160725_15_G10","A","A","A","A","A","A","A","A","A","A","A","A","A","A","A",NA,"A","A","A","A","H","H","H","H","H"
"99b_F_20160725_15_H10","H","H","H","H","H","A","A","A","A","A","A","A","A","A","A",NA,"A","A","A","A","A","A","A","A","A"
"99b_M_20160725_15_A12","H","H","H","H","H","H","H","A","A","A","A","A","A","A","A",NA,"A","A","A","A","A","A","A","A","A"
"99b_M_20160725_15_B12","H","H","H","H","H","H","H","H","H","H","H","H","H","H","H",NA,"H","H","H","H","H","H","H","H","H"
"99b_M_20160725_15_C11","H","H","H","H","H","H","H","H","H","H","H","H","H","H","H",NA,"H","H","H","H","H","H","H","H","H"
"99b_M_20160725_15_C12","H","H","H","H","H","H","H","A","A","A","A","A","A","A","A",NA,"A","A","A","A","A","A","A","A","A"
"99b_M_20160725_15_D11","A","A","A","A","A","A","A","A","H","H","H","H","H","H","H",NA,"H","H","H","H","H","H","H","H","H"
"99b_M_20160725_15_D12","H","H","H","H","H","H","H","H","H","H","H","H","H","H","H",NA,"H","H","A","A","A","A","A","A","A"
"99b_M_20160725_15_E11","H","H","H","H","H","H","H","H","H","H","H","H","H","H","H",NA,"H","H","H","H","H","H","H","H","H"
"99b_M_20160725_15_E12","A","A","A","A","A","A","A","A","A","A","A","A","A","A","A",NA,"A","A","A","A","A","A","A","A","A"
"99b_M_20160725_15_F11",NA,NA,NA,NA,NA,NA,NA,NA,NA,NA,NA,NA,NA,NA,NA,NA,NA,NA,NA,NA,NA,NA,NA,NA,NA
"99b_M_20160725_15_F12","H","H","H","H","H","H","H","H","H","H","A","A","A","A","A",NA,"A","A","A","A","A","A","A","A","A"
"99b_M_20160725_15_G11","H","H","H","H","H","H","H","A","A","A","A","A","H","H","H",NA,"H","H","H","H","H","H","H","H","A"
"99b_M_20160725_15_G12","A","A","A","H","H","H","H","H","H","H","H","H","H","H","H",NA,"H","H","H","H","H","H","H","H","H"
"99b_M_20160725_15_H11","H","H","H","H","H","H","H","A","A","A","A","A","A","A","A",NA,"A","A","A","A","A","A","A","A","A"
"99b_M_20160725_15_H12","A","A","A","A","A","A","A","A","H","H","H","H","H","H","H",NA,"H","H","H","H","H","H","H","H","H"
"99c_F_20160727_21_A3","A","A","A","A","A","A","A","A","A","A","A","A","A","A","A",NA,"A","A","A","A","A","A","A","A","A"
"99c_F_20160727_21_D2","A","A","A","A","A","A","A","A","A","A","A","A","A","A","A",NA,"A","A","A","A","A","A","A","A","A"
"99c_F_20160727_21_E2","H","H","H","H","H","H","H","A","A","A","A","A","A","A","A",NA,"A","A","A","A","A","A","A","A","A"
"99c_F_20160727_21_F2","H","H","H","H","H","H","H","H","A","A","A","A","A","A","A",NA,"A","A","A","H","H","H","H","H","H"
"99c_F_20160727_21_G2","A","A","A","A","A","A","A","A","A","A","H","H","H","H","H",NA,"H","H","H","H","H","H","H","H","H"
"99c_F_20160727_21_H2","H","H","H","H","H","A","A","A","A","A","A","A","A","A","A","A","A","A","A","A","A","A","A","A","A"
"99c_M_20160727_21_B3","H","H","H","H","H","H","H","H","H","H","H","H","H","H","H",NA,"A","A","A","A","A","A","A","A","A"
"99c_M_20160727_21_C3","A","A","A","A","A","A","A","A","A","A","H","H","H","H","H",NA,"H","H","H","H","H","H","H","H","H"
"99c_M_20160727_21_D3","A","H","H","H","H","H","H","H","H","H","H","H","H","H","H",NA,"H","H","H","H","H","H","H","H","H"
"99c_M_20160727_21_E3","A","A","A","A","A","A","A","H","H","H","H","H","H","H","H",NA,"H","A","A","A","A","A","A","A","A"
"99c_M_20160727_21_F3",NA,NA,NA,NA,NA,NA,NA,NA,"A",NA,"A",NA,NA,NA,NA,NA,"A","H",NA,NA,NA,NA,"H",NA,"H"
